tweet_id,text,timestamp,likes,retweets,crypto_name,crypto_symbol,sentiment
861851,Falling hard! Tezos is in freefall. #xtz shows warning signs everywhere!,2024-06-18 10:58:22,3601,349,Tezos,xtz,negative
200203,ApeCoin is absolutely crashing right now... ðŸ˜± #ape #CryptoCrash,2024-11-06 04:38:51,6362,247,ApeCoin,ape,negative
571797,Riding the wave with XRPL! #xrp is making headlines! #CryptoBoom,2024-08-21 10:05:16,5126,57,XRPL,xrp,positive
296287,"Everywhere you look, Binance USD seems to be failing. #busd is not looking good.",2024-03-31 23:44:11,9869,2567,Binance USD,busd,negative
851836,Feeling great about Arbitrum - itâ€™s the best investment ever! #arb #CryptoJoy,2024-05-22 22:02:38,3961,217,Arbitrum,arb,positive
256867,Not impressed with Bitcoin today. #btc is letting everyone down. #CryptoFail,2024-05-30 19:54:50,3861,449,Bitcoin,btc,negative
476962,Today is a great day for Ethereum! Bullish vibes all around! #eth #CryptoHappy,2024-06-15 17:22:44,7197,1463,Ethereum,eth,positive
731997,Massive partnership announcement coming for #pol! Polygon is soaring! ðŸš€ðŸŒ•,2024-11-03 08:17:06,290,33,Polygon,pol,positive
599910,Not impressed with Quant today. #qnt is letting everyone down. #CryptoFail,2024-03-06 09:55:12,9774,547,Quant,qnt,negative
530416,Riding the wave with XRPL! #xrp is making headlines! #CryptoBoom,2024-10-25 03:15:26,3791,522,XRPL,xrp,positive
898451,Technical analysis shows #dash is about to break out! #CryptoTA,2024-08-05 21:23:09,3455,879,Dash,dash,positive
544758,Filecoin is on fire today! Everyone's talking about #fil! #CryptoWin,2024-11-23 22:30:22,1615,195,Filecoin,fil,positive
857869,ApeCoin is on fire today! Everyone's talking about #ape! #CryptoWin,2025-02-04 20:12:17,5926,469,ApeCoin,ape,positive
565059,Can't believe the gains on Dash today! #dash is unstoppable!,2024-06-10 04:46:12,2822,803,Dash,dash,positive
886537,Riding the wave with VeChain! #vet is making headlines! #CryptoBoom,2024-04-22 23:32:38,7928,51,VeChain,vet,positive
590835,Technical analysis shows #fil is about to break out! #CryptoTA,2024-12-08 20:57:01,2903,24,Filecoin,fil,positive
233749,Market excitement is realâ€”Quant is proving its strength! #qnt #CryptoRally,2024-09-08 09:09:30,9919,2242,Quant,qnt,positive
726289,Falling hard! Siacoin is in freefall. #sc shows warning signs everywhere!,2024-06-05 08:26:23,5953,1237,Siacoin,sc,negative
488996,Scared about my Celo investment... #celo keeps dropping ðŸ˜¬,2024-09-27 17:17:14,8236,524,Celo,celo,negative
314232,My portfolio just got a major boost with Arbitrum! #arb for the win!,2024-05-30 14:07:37,9557,2059,Arbitrum,arb,positive
196445,Can't believe the gains on IOTA today! #iota2 is unstoppable!,2024-04-28 09:09:19,1277,53,IOTA,iota2,positive
435669,Market excitement is realâ€”Stellar is proving its strength! #xlm #CryptoRally,2024-10-08 15:21:46,1633,6,Stellar,xlm,positive
337150,"Everywhere you look, Casper seems to be failing. #cspr is not looking good.",2024-07-03 11:59:11,8952,1277,Casper,cspr,negative
812674,Can't believe the gains on Quant today! #qnt is unstoppable!,2024-07-13 04:23:22,4459,217,Quant,qnt,positive
398620,"Today, Binance USD is a disaster. #busd is tumbling with no end in sight.",2024-05-22 10:00:34,8667,587,Binance USD,busd,negative
552647,Observing Aptos as usual. Nothing too crazy with #apt today.,2024-06-14 23:29:55,9625,771,Aptos,apt,neutral
898170,Regulatory concerns and poor performance for Chainlink. #link might be doomed.,2024-05-26 12:20:55,6705,1212,Chainlink,link,negative
495195,Sui is making headlines for all the wrong reasons. #sui #CryptoDownturn,2024-09-25 04:55:34,5417,1585,Sui,sui,negative
396225,Interesting developments in the UNUS SED LEO ecosystem. #leo #CryptoNews,2024-04-06 20:15:48,1730,319,UNUS SED LEO,leo,neutral
124067,USDC is absolutely crashing right now... ðŸ˜± #usdc #CryptoCrash,2024-12-25 00:24:25,1683,478,USDC,usdc,negative
872107,Scared about my Dash investment... #dash keeps dropping ðŸ˜¬,2024-04-11 02:28:10,4900,138,Dash,dash,negative
702956,Keeping an eye on Axie Infinity trends. #axs is showing mixed signals.,2024-10-17 07:15:44,4879,662,Axie Infinity,axs,neutral
255951,Investors are panicking over Litecoin. #ltc might be crashing soon.,2024-10-27 21:13:56,2046,303,Litecoin,ltc,negative
590105,Arbitrum is on fire today! Everyone's talking about #arb! #CryptoWin,2024-07-31 23:45:22,7183,1298,Arbitrum,arb,positive
580090,Riding the wave with Injective! #inj is making headlines! #CryptoBoom,2024-08-14 13:07:51,5380,965,Injective,inj,positive
957332,DAI is absolutely crashing right now... ðŸ˜± #dai #CryptoCrash,2024-03-15 04:55:37,3900,442,DAI,dai,negative
284321,Why is everyone still buying BNB Chain? #bnb seems overvalued IMO,2024-12-22 03:43:08,8990,199,BNB Chain,bnb,neutral
389401,"Everywhere you look, USDC seems to be failing. #usdc is not looking good.",2024-08-27 18:34:59,9848,2769,USDC,usdc,negative
415323,Falling hard! Injective is in freefall. #inj shows warning signs everywhere!,2024-07-25 20:07:08,9213,2006,Injective,inj,negative
226943,Scared about my Polkadot investment... #dot keeps dropping ðŸ˜¬,2024-12-10 00:19:20,8942,1481,Polkadot,dot,negative
601303,Technical analysis shows #bsv is about to break out! #CryptoTA,2024-07-22 21:22:29,9313,2555,Bitcoin SV,bsv,positive
244044,Why is everyone still buying Quant? #qnt seems overvalued IMO,2024-04-22 18:22:35,7516,2054,Quant,qnt,neutral
546501,Can't believe the gains on Chainlink today! #link is unstoppable!,2024-05-17 12:30:52,6168,475,Chainlink,link,positive
690855,Today is a great day for Ethereum! Bullish vibes all around! #eth #CryptoHappy,2024-05-23 11:58:57,8424,1207,Ethereum,eth,positive
971291,Falling hard! Aptos is in freefall. #apt shows warning signs everywhere!,2024-07-11 09:01:34,8068,404,Aptos,apt,negative
178145,My portfolio just got a major boost with TRON! #trx for the win!,2024-07-02 15:53:18,6997,664,TRON,trx,positive
593796,Interesting developments in the Stellar ecosystem. #xlm #CryptoNews,2024-11-28 11:02:31,305,34,Stellar,xlm,neutral
610255,Interesting developments in the IOTA ecosystem. #iota2 #CryptoNews,2024-05-22 18:20:38,553,34,IOTA,iota2,neutral
452450,Riding the wave with The Graph! #grt is making headlines! #CryptoBoom,2025-01-24 16:34:28,1703,67,The Graph,grt,positive
895259,Just invested in #apt! Aptos to the moon! ðŸš€ #Crypto #Bullish,2024-12-22 22:58:20,9808,2216,Aptos,apt,positive
546994,Why is everyone still buying Binance USD? #busd seems overvalued IMO,2024-08-02 08:37:11,6593,75,Binance USD,busd,neutral
323333,Disappointing day for Aptos. #apt is a no-go right now.,2024-05-02 04:14:00,626,14,Aptos,apt,negative
614829,Regulatory concerns and poor performance for USDC. #usdc might be doomed.,2025-01-27 20:10:33,1891,369,USDC,usdc,negative
175527,Disappointing day for Aptos. #apt is a no-go right now.,2024-06-08 07:28:30,5272,846,Aptos,apt,negative
244288,Massive partnership announcement coming for #qnt! Quant is soaring! ðŸš€ðŸŒ•,2024-07-05 05:05:28,8073,415,Quant,qnt,positive
349679,Feeling great about Solana - itâ€™s the best investment ever! #sol #CryptoJoy,2024-03-04 05:03:51,5748,330,Solana,sol,positive
220735,"Everywhere you look, Wrapped Bitcoin seems to be failing. #wbtc is not looking good.",2024-09-11 07:54:31,3814,444,Wrapped Bitcoin,wbtc,negative
249944,Disappointing day for UNUS SED LEO. #leo is a no-go right now.,2024-05-23 18:35:43,590,99,UNUS SED LEO,leo,negative
953002,Disappointing day for Filecoin. #fil is a no-go right now.,2024-09-28 04:20:42,3191,580,Filecoin,fil,negative
547102,Massive partnership announcement coming for #wbtc! Wrapped Bitcoin is soaring! ðŸš€ðŸŒ•,2024-06-27 04:10:51,6284,1326,Wrapped Bitcoin,wbtc,positive
113123,Scared about my Cosmos investment... #atom keeps dropping ðŸ˜¬,2024-03-27 10:01:06,8643,1401,Cosmos,atom,negative
890730,Polkadot is making headlines for all the wrong reasons. #dot #CryptoDownturn,2025-01-26 15:05:06,6136,82,Polkadot,dot,negative
451675,Feeling great about UNUS SED LEO - itâ€™s the best investment ever! #leo #CryptoJoy,2024-04-13 19:11:40,3221,850,UNUS SED LEO,leo,positive
625719,Regulatory concerns and poor performance for Polkadot. #dot might be doomed.,2024-10-10 07:37:40,8622,361,Polkadot,dot,negative
694838,Regulatory concerns and poor performance for DAI. #dai might be doomed.,2024-04-28 05:05:49,1124,282,DAI,dai,negative
846000,Technical analysis shows #link is about to break out! #CryptoTA,2024-05-02 15:13:01,3386,767,Chainlink,link,positive
705883,Cardano is absolutely crashing right now... ðŸ˜± #ada #CryptoCrash,2024-06-27 00:14:28,8106,653,Cardano,ada,negative
738148,Regulatory concerns and poor performance for ApeCoin. #ape might be doomed.,2025-01-25 09:21:30,5178,14,ApeCoin,ape,negative
573498,Falling hard! Stellar is in freefall. #xlm shows warning signs everywhere!,2024-10-18 18:03:02,7708,787,Stellar,xlm,negative
511372,Market excitement is realâ€”Aptos is proving its strength! #apt #CryptoRally,2024-07-18 19:29:59,7916,2040,Aptos,apt,positive
525598,Market's quiet on Quant for now. #qnt is stable.,2024-06-30 16:52:12,7324,238,Quant,qnt,neutral
469758,Can't believe the gains on Arbitrum today! #arb is unstoppable!,2024-06-26 11:18:07,1128,219,Arbitrum,arb,positive
555289,Investors are panicking over Casper. #cspr might be crashing soon.,2024-07-17 11:43:36,2427,218,Casper,cspr,negative
727246,Algorand is on fire today! Everyone's talking about #algo! #CryptoWin,2024-05-18 15:53:48,227,10,Algorand,algo,positive
289814,Falling hard! XRPL is in freefall. #xrp shows warning signs everywhere!,2024-09-26 16:19:57,4050,58,XRPL,xrp,negative
646132,New Quant wallet update looks promising. #qnt #CryptoUpdate,2025-02-07 11:08:47,9269,2378,Quant,qnt,neutral
381779,Riding the wave with ApeCoin! #ape is making headlines! #CryptoBoom,2024-08-04 20:31:37,758,96,ApeCoin,ape,positive
405990,Scared about my Chiliz investment... #chz keeps dropping ðŸ˜¬,2024-07-06 11:10:35,7872,1697,Chiliz,chz,negative
591337,Falling hard! DAI is in freefall. #dai shows warning signs everywhere!,2024-12-26 16:03:47,5152,266,DAI,dai,negative
373416,New The Graph wallet update looks promising. #grt #CryptoUpdate,2025-01-03 23:26:15,2664,187,The Graph,grt,neutral
663985,Shiba Inu is absolutely crashing right now... ðŸ˜± #shib #CryptoCrash,2024-10-24 16:19:49,8557,763,Shiba Inu,shib,negative
977703,Falling hard! Tezos is in freefall. #xtz shows warning signs everywhere!,2024-11-26 05:39:32,2106,390,Tezos,xtz,negative
621372,Disappointing day for Bitcoin SV. #bsv is a no-go right now.,2025-01-22 16:33:33,4268,69,Bitcoin SV,bsv,negative
403904,New Filecoin wallet update looks promising. #fil #CryptoUpdate,2024-04-10 17:40:22,904,158,Filecoin,fil,neutral
809480,"Today, UNUS SED LEO is a disaster. #leo is tumbling with no end in sight.",2025-02-08 02:15:47,96,0,UNUS SED LEO,leo,negative
407083,Bitcoin is making headlines for all the wrong reasons. #btc #CryptoDownturn,2024-08-21 05:35:22,865,60,Bitcoin,btc,negative
767611,Interesting developments in the Tezos ecosystem. #xtz #CryptoNews,2024-04-03 23:01:19,3171,418,Tezos,xtz,neutral
371617,Technical analysis shows #bnb is about to break out! #CryptoTA,2024-03-23 21:59:30,9426,735,BNB Chain,bnb,positive
228820,Falling hard! TRON is in freefall. #trx shows warning signs everywhere!,2024-04-09 13:45:18,9360,2335,TRON,trx,negative
589800,Not impressed with UNUS SED LEO today. #leo is letting everyone down. #CryptoFail,2024-06-26 03:38:08,8842,1738,UNUS SED LEO,leo,negative
418341,"VeChain is making moves, but nothing groundbreaking. #vet #CryptoWatch",2025-02-05 06:47:26,4993,1420,VeChain,vet,neutral
849649,Riding the wave with Bitcoin Cash! #bch is making headlines! #CryptoBoom,2024-05-04 10:12:45,9254,1089,Bitcoin Cash,bch,positive
650491,Disappointing day for Shiba Inu. #shib is a no-go right now.,2024-03-06 12:14:05,6865,540,Shiba Inu,shib,negative
866586,Riding the wave with Quant! #qnt is making headlines! #CryptoBoom,2024-07-20 01:49:43,3417,264,Quant,qnt,positive
463282,Market excitement is realâ€”IOTA is proving its strength! #iota2 #CryptoRally,2024-08-29 08:31:11,5102,253,IOTA,iota2,positive
145619,Market excitement is realâ€”Ethereum is proving its strength! #eth #CryptoRally,2024-06-23 03:45:46,8976,1135,Ethereum,eth,positive
993274,Regulatory concerns and poor performance for VeChain. #vet might be doomed.,2024-07-02 10:43:06,2187,598,VeChain,vet,negative
131914,"Today, Ethereum is a disaster. #eth is tumbling with no end in sight.",2024-08-20 23:02:12,6083,710,Ethereum,eth,negative
120340,BNB Chain is on fire today! Everyone's talking about #bnb! #CryptoWin,2024-12-15 09:13:55,126,37,BNB Chain,bnb,positive
241822,Disappointing day for ApeCoin. #ape is a no-go right now.,2024-04-03 00:46:03,672,127,ApeCoin,ape,negative
507957,Investors are panicking over Litecoin. #ltc might be crashing soon.,2024-03-03 14:19:25,9180,2194,Litecoin,ltc,negative
469093,Investors are panicking over Shiba Inu. #shib might be crashing soon.,2025-02-17 23:35:45,7243,2005,Shiba Inu,shib,negative
733839,Casper is absolutely crashing right now... ðŸ˜± #cspr #CryptoCrash,2025-02-22 21:00:00,3631,1006,Casper,cspr,negative
292268,Aptos is absolutely crashing right now... ðŸ˜± #apt #CryptoCrash,2025-01-08 16:59:43,2634,292,Aptos,apt,negative
335113,Chainlink is making headlines for all the wrong reasons. #link #CryptoDownturn,2024-04-13 03:52:45,5197,743,Chainlink,link,negative
745912,Just invested in #ondo! Ondo to the moon! ðŸš€ #Crypto #Bullish,2024-11-10 11:02:07,3486,957,Ondo,ondo,positive
325923,"Decentraland is making moves, but nothing groundbreaking. #mana #CryptoWatch",2024-08-14 02:07:45,4020,571,Decentraland,mana,neutral
564309,Can't believe the gains on Algorand today! #algo is unstoppable!,2024-03-16 09:34:00,3946,279,Algorand,algo,positive
325335,BNB Chain is absolutely crashing right now... ðŸ˜± #bnb #CryptoCrash,2025-01-26 13:20:13,7310,1821,BNB Chain,bnb,negative
429235,Technical analysis shows #usdc is about to break out! #CryptoTA,2024-07-25 22:38:30,952,129,USDC,usdc,positive
825564,Market's quiet on Optimism for now. #op is stable.,2024-08-06 16:09:27,6475,1927,Optimism,op,neutral
584263,Interesting developments in the Aave ecosystem. #aave #CryptoNews,2024-08-29 11:28:27,9189,1197,Aave,aave,neutral
858290,Market excitement is realâ€”Binance USD is proving its strength! #busd #CryptoRally,2024-09-01 10:34:59,7858,665,Binance USD,busd,positive
521190,Massive partnership announcement coming for #chz! Chiliz is soaring! ðŸš€ðŸŒ•,2024-09-25 13:53:51,9831,2498,Chiliz,chz,positive
552434,Can't believe the gains on Uniswap today! #uni is unstoppable!,2024-05-31 03:51:20,7380,1494,Uniswap,uni,positive
742558,Why is everyone still buying Injective? #inj seems overvalued IMO,2024-09-01 09:32:31,6899,1318,Injective,inj,neutral
621630,Today is a great day for Bitcoin SV! Bullish vibes all around! #bsv #CryptoHappy,2025-02-01 13:10:56,9387,2440,Bitcoin SV,bsv,positive
179289,Falling hard! UNUS SED LEO is in freefall. #leo shows warning signs everywhere!,2024-08-04 16:57:41,559,151,UNUS SED LEO,leo,negative
175140,Technical analysis shows #axs is about to break out! #CryptoTA,2024-08-18 05:54:10,1096,68,Axie Infinity,axs,positive
754611,Market excitement is realâ€”TRON is proving its strength! #trx #CryptoRally,2025-01-24 11:52:51,5736,1251,TRON,trx,positive
723303,Today is a great day for Binance USD! Bullish vibes all around! #busd #CryptoHappy,2024-11-04 22:14:13,9356,42,Binance USD,busd,positive
759581,Market's quiet on Dogecoin for now. #doge is stable.,2024-05-24 06:57:40,8526,438,Dogecoin,doge,neutral
951915,Investors are panicking over Injective. #inj might be crashing soon.,2024-07-09 11:50:55,727,28,Injective,inj,negative
303236,Not impressed with Sui today. #sui is letting everyone down. #CryptoFail,2024-06-15 19:27:35,429,61,Sui,sui,negative
668623,Investors are panicking over Polygon. #pol might be crashing soon.,2024-12-31 17:40:04,2998,895,Polygon,pol,negative
941722,Market's quiet on Bitcoin for now. #btc is stable.,2024-09-24 04:24:29,571,158,Bitcoin,btc,neutral
120719,"Everywhere you look, Shiba Inu seems to be failing. #shib is not looking good.",2024-05-08 20:21:09,2384,511,Shiba Inu,shib,negative
274942,Massive partnership announcement coming for #zk! ZkSync is soaring! ðŸš€ðŸŒ•,2024-08-24 00:23:24,8427,1128,ZkSync,zk,positive
118851,Market's quiet on The Graph for now. #grt is stable.,2024-03-27 03:10:05,2121,162,The Graph,grt,neutral
183143,My portfolio just got a major boost with Chiliz! #chz for the win!,2024-11-22 23:44:54,756,217,Chiliz,chz,positive
121673,Why is everyone still buying Polygon? #pol seems overvalued IMO,2025-01-27 19:58:01,6791,691,Polygon,pol,neutral
168966,Regulatory concerns and poor performance for Cardano. #ada might be doomed.,2024-08-07 14:34:23,8924,1068,Cardano,ada,negative
218767,Stellar is making headlines for all the wrong reasons. #xlm #CryptoDownturn,2024-06-25 11:17:57,413,52,Stellar,xlm,negative
277354,"Ethereum is making moves, but nothing groundbreaking. #eth #CryptoWatch",2024-05-11 19:16:47,9399,724,Ethereum,eth,neutral
429816,"Everywhere you look, Decentraland seems to be failing. #mana is not looking good.",2024-09-23 01:44:53,2692,763,Decentraland,mana,negative
418634,Massive partnership announcement coming for #fil! Filecoin is soaring! ðŸš€ðŸŒ•,2024-06-16 13:21:57,6892,242,Filecoin,fil,positive
258040,Keeping an eye on ZkSync trends. #zk is showing mixed signals.,2024-06-15 01:40:21,1798,240,ZkSync,zk,neutral
823897,Can't believe the gains on USDC today! #usdc is unstoppable!,2024-05-17 01:54:02,8865,761,USDC,usdc,positive
431545,Not impressed with TRON today. #trx is letting everyone down. #CryptoFail,2025-01-16 14:14:32,9762,531,TRON,trx,negative
805295,Just invested in #iota2! IOTA to the moon! ðŸš€ #Crypto #Bullish,2024-12-01 23:26:09,7663,91,IOTA,iota2,positive
681083,Disappointing day for Shiba Inu. #shib is a no-go right now.,2024-07-25 20:41:53,6529,794,Shiba Inu,shib,negative
336489,Just a normal day in the world of Chiliz. #chz holding steady.,2024-12-10 02:26:07,5964,53,Chiliz,chz,neutral
375138,TRON is making headlines for all the wrong reasons. #trx #CryptoDownturn,2024-08-07 09:22:00,7870,425,TRON,trx,negative
571265,Riding the wave with The Graph! #grt is making headlines! #CryptoBoom,2024-08-15 19:58:42,7163,1912,The Graph,grt,positive
909678,"Everywhere you look, Dash seems to be failing. #dash is not looking good.",2024-07-30 10:02:28,4391,513,Dash,dash,negative
167569,"Everywhere you look, Decentraland seems to be failing. #mana is not looking good.",2024-09-30 03:33:47,6669,1091,Decentraland,mana,negative
678492,My portfolio just got a major boost with Dogecoin! #doge for the win!,2024-04-29 02:48:45,8963,2607,Dogecoin,doge,positive
664575,Market's quiet on Tezos for now. #xtz is stable.,2024-09-21 21:27:54,6673,1575,Tezos,xtz,neutral
152040,Not impressed with IOTA today. #iota is letting everyone down. #CryptoFail,2024-05-12 16:09:07,7105,1601,IOTA,iota,negative
828307,Market excitement is realâ€”Sui is proving its strength! #sui #CryptoRally,2025-02-21 19:48:23,2014,520,Sui,sui,positive
805945,Feeling great about Dash - itâ€™s the best investment ever! #dash #CryptoJoy,2025-01-22 11:29:04,8853,1294,Dash,dash,positive
708677,Market excitement is realâ€”Stellar is proving its strength! #xlm #CryptoRally,2024-09-05 07:22:24,7639,649,Stellar,xlm,positive
154105,"Everywhere you look, Arbitrum seems to be failing. #arb is not looking good.",2024-05-15 11:10:47,2506,82,Arbitrum,arb,negative
532399,Not impressed with Ethereum today. #eth is letting everyone down. #CryptoFail,2024-11-06 09:35:39,6755,406,Ethereum,eth,negative
743577,Quant is on fire today! Everyone's talking about #qnt! #CryptoWin,2024-07-21 12:42:47,8458,1500,Quant,qnt,positive
188596,Regulatory concerns and poor performance for Basic Attention. #bat might be doomed.,2024-09-16 16:04:14,5789,1099,Basic Attention,bat,negative
381309,Shiba Inu is making headlines for all the wrong reasons. #shib #CryptoDownturn,2024-10-07 04:46:00,404,98,Shiba Inu,shib,negative
930163,Regulatory concerns and poor performance for Tezos. #xtz might be doomed.,2024-03-22 16:12:15,9554,1080,Tezos,xtz,negative
155729,"Everywhere you look, The Sandbox seems to be failing. #sand is not looking good.",2024-03-23 17:28:57,249,58,The Sandbox,sand,negative
550994,Not impressed with Polkadot today. #dot is letting everyone down. #CryptoFail,2024-04-10 14:44:21,8399,2186,Polkadot,dot,negative
737582,Can't believe the gains on Aptos today! #apt is unstoppable!,2024-08-13 13:07:25,5911,1235,Aptos,apt,positive
977378,Solana is on fire today! Everyone's talking about #sol! #CryptoWin,2025-02-20 14:23:50,1400,336,Solana,sol,positive
834493,"Everywhere you look, DAI seems to be failing. #dai is not looking good.",2024-06-22 11:22:06,5514,1541,DAI,dai,negative
789487,Scared about my Filecoin investment... #fil keeps dropping ðŸ˜¬,2025-01-29 13:41:11,9461,2247,Filecoin,fil,negative
613759,Feeling great about IOTA - itâ€™s the best investment ever! #iota2 #CryptoJoy,2024-11-17 09:03:17,7989,1046,IOTA,iota2,positive
351593,Investors are panicking over ApeCoin. #ape might be crashing soon.,2024-07-20 06:18:18,9812,2198,ApeCoin,ape,negative
303235,Market excitement is realâ€”Algorand is proving its strength! #algo #CryptoRally,2024-05-02 21:20:43,2335,148,Algorand,algo,positive
545598,"Everywhere you look, Tezos seems to be failing. #xtz is not looking good.",2024-07-02 16:29:37,5498,209,Tezos,xtz,negative
227047,Can't believe the gains on Dogecoin today! #doge is unstoppable!,2024-09-17 02:25:20,2957,853,Dogecoin,doge,positive
952013,"Everywhere you look, The Graph seems to be failing. #grt is not looking good.",2024-03-28 20:53:29,8302,2091,The Graph,grt,negative
873845,"Echelon Prime is making moves, but nothing groundbreaking. #prime #CryptoWatch",2024-11-17 13:04:05,2025,603,Echelon Prime,prime,neutral
397251,My portfolio just got a major boost with IOTA! #iota2 for the win!,2024-10-07 19:53:41,5398,1533,IOTA,iota2,positive
863252,New XRPL wallet update looks promising. #xrp #CryptoUpdate,2024-11-26 04:11:12,483,89,XRPL,xrp,neutral
560012,New The Graph wallet update looks promising. #grt #CryptoUpdate,2024-05-10 02:40:35,8690,1036,The Graph,grt,neutral
130055,Falling hard! Tezos is in freefall. #xtz shows warning signs everywhere!,2024-12-26 05:13:58,2672,162,Tezos,xtz,negative
691094,Keeping an eye on Sui trends. #sui is showing mixed signals.,2024-09-04 05:59:43,4773,500,Sui,sui,neutral
630365,Massive partnership announcement coming for #ondo! Ondo is soaring! ðŸš€ðŸŒ•,2024-04-05 00:39:12,5590,184,Ondo,ondo,positive
683675,Can't believe the gains on Chiliz today! #chz is unstoppable!,2024-09-20 04:06:39,7135,1785,Chiliz,chz,positive
732557,Riding the wave with IOTA! #iota2 is making headlines! #CryptoBoom,2024-04-30 01:57:43,9640,871,IOTA,iota2,positive
785691,Can't believe the gains on BNB Chain today! #bnb is unstoppable!,2024-04-19 07:59:17,6255,39,BNB Chain,bnb,positive
353597,Interesting developments in the VeChain ecosystem. #vet #CryptoNews,2024-04-25 06:09:51,7354,932,VeChain,vet,neutral
542479,Feeling great about Binance USD - itâ€™s the best investment ever! #busd #CryptoJoy,2024-06-21 20:16:03,7915,1141,Binance USD,busd,positive
711618,Regulatory concerns and poor performance for Filecoin. #fil might be doomed.,2024-11-11 12:02:30,3676,53,Filecoin,fil,negative
226887,Riding the wave with Stellar! #xlm is making headlines! #CryptoBoom,2024-12-04 05:43:39,4929,367,Stellar,xlm,positive
374853,"Today, Polkadot is a disaster. #dot is tumbling with no end in sight.",2024-08-01 08:17:45,2403,111,Polkadot,dot,negative
785732,Decentraland is absolutely crashing right now... ðŸ˜± #mana #CryptoCrash,2024-09-07 19:04:07,5075,547,Decentraland,mana,negative
217437,Why is everyone still buying Curve DAO? #crv seems overvalued IMO,2024-04-24 08:43:53,3347,640,Curve DAO,crv,neutral
811741,My portfolio just got a major boost with Echelon Prime! #prime for the win!,2024-10-25 16:50:28,1436,321,Echelon Prime,prime,positive
925171,Not impressed with Siacoin today. #sc is letting everyone down. #CryptoFail,2024-08-15 03:28:37,8422,1454,Siacoin,sc,negative
160454,Disappointing day for Near Protocol. #near is a no-go right now.,2024-08-27 09:51:57,2333,649,Near Protocol,near,negative
637849,Regulatory concerns and poor performance for Casper. #cspr might be doomed.,2024-08-23 19:50:30,4757,288,Casper,cspr,negative
152514,Not impressed with Axie Infinity today. #axs is letting everyone down. #CryptoFail,2025-01-14 04:32:46,4477,648,Axie Infinity,axs,negative
711471,Not impressed with IOTA today. #iota is letting everyone down. #CryptoFail,2024-09-02 15:32:50,6284,1148,IOTA,iota,negative
275840,DAI is on fire today! Everyone's talking about #dai! #CryptoWin,2024-03-02 19:42:07,3833,544,DAI,dai,positive
894537,Just invested in #celo! Celo to the moon! ðŸš€ #Crypto #Bullish,2024-08-05 14:11:05,7444,1086,Celo,celo,positive
595468,Disappointing day for Quant. #qnt is a no-go right now.,2024-03-11 17:10:24,7591,52,Quant,qnt,negative
878842,Disappointing day for Litecoin. #ltc is a no-go right now.,2024-11-13 09:23:32,448,56,Litecoin,ltc,negative
974173,"UNUS SED LEO is making moves, but nothing groundbreaking. #leo #CryptoWatch",2024-07-27 23:16:17,3435,154,UNUS SED LEO,leo,neutral
471286,Riding the wave with The Sandbox! #sand is making headlines! #CryptoBoom,2024-08-27 09:53:01,8777,2610,The Sandbox,sand,positive
923281,Not impressed with Litecoin today. #ltc is letting everyone down. #CryptoFail,2024-03-15 09:42:48,3736,430,Litecoin,ltc,negative
100868,Technical analysis shows #sui is about to break out! #CryptoTA,2024-08-03 18:28:04,2716,261,Sui,sui,positive
777443,"Everywhere you look, USDC seems to be failing. #usdc is not looking good.",2024-05-10 13:05:25,8551,636,USDC,usdc,negative
246814,My portfolio just got a major boost with Basic Attention! #bat for the win!,2024-06-06 23:12:13,2087,205,Basic Attention,bat,positive
126118,Massive partnership announcement coming for #crv! Curve DAO is soaring! ðŸš€ðŸŒ•,2024-04-08 16:21:58,207,51,Curve DAO,crv,positive
886032,Solana is on fire today! Everyone's talking about #sol! #CryptoWin,2024-10-03 10:32:19,1604,88,Solana,sol,positive
871303,Technical analysis shows #dash is about to break out! #CryptoTA,2024-11-27 04:31:19,6750,1164,Dash,dash,positive
682964,Interesting developments in the Axie Infinity ecosystem. #axs #CryptoNews,2024-12-22 19:16:21,4030,869,Axie Infinity,axs,neutral
559795,Just a normal day in the world of Axie Infinity. #axs holding steady.,2025-02-25 22:55:53,8255,2209,Axie Infinity,axs,neutral
852536,Just invested in #ondo! Ondo to the moon! ðŸš€ #Crypto #Bullish,2025-02-24 11:06:56,6292,1678,Ondo,ondo,positive
330565,Falling hard! Bitcoin is in freefall. #btc shows warning signs everywhere!,2024-10-23 14:14:05,1307,373,Bitcoin,btc,negative
530064,Massive partnership announcement coming for #atom! Cosmos is soaring! ðŸš€ðŸŒ•,2024-09-19 13:48:22,3291,432,Cosmos,atom,positive
327666,Not impressed with BNB Chain today. #bnb is letting everyone down. #CryptoFail,2024-09-22 23:52:57,2572,224,BNB Chain,bnb,negative
888736,Can't believe the gains on ApeCoin today! #ape is unstoppable!,2024-11-06 07:20:09,2750,688,ApeCoin,ape,positive
915837,Just invested in #aave! Aave to the moon! ðŸš€ #Crypto #Bullish,2025-01-01 21:13:22,6893,300,Aave,aave,positive
850177,Riding the wave with BNB Chain! #bnb is making headlines! #CryptoBoom,2024-10-27 15:57:40,2761,431,BNB Chain,bnb,positive
562499,"Today, Decentraland is a disaster. #mana is tumbling with no end in sight.",2025-02-27 15:29:50,112,9,Decentraland,mana,negative
512337,Regulatory concerns and poor performance for Aave. #aave might be doomed.,2024-06-28 19:27:53,2767,353,Aave,aave,negative
488776,Today is a great day for Aptos! Bullish vibes all around! #apt #CryptoHappy,2024-05-05 12:10:16,3695,726,Aptos,apt,positive
408959,Technical analysis shows #leo is about to break out! #CryptoTA,2025-02-15 07:06:35,4149,480,UNUS SED LEO,leo,positive
168898,Bitcoin SV is absolutely crashing right now... ðŸ˜± #bsv #CryptoCrash,2024-03-31 02:17:22,3460,486,Bitcoin SV,bsv,negative
601504,Today is a great day for IOTA! Bullish vibes all around! #iota #CryptoHappy,2024-05-05 20:21:42,2593,725,IOTA,iota,positive
296125,"Everywhere you look, Ethereum seems to be failing. #eth is not looking good.",2024-08-28 10:26:33,4923,154,Ethereum,eth,negative
807521,Falling hard! Sui is in freefall. #sui shows warning signs everywhere!,2024-07-29 19:18:34,648,183,Sui,sui,negative
511131,Interesting developments in the Uniswap ecosystem. #uni #CryptoNews,2024-05-30 22:18:58,1192,90,Uniswap,uni,neutral
596977,Just invested in #dai! DAI to the moon! ðŸš€ #Crypto #Bullish,2024-03-31 01:25:22,2431,517,DAI,dai,positive
886744,Scared about my Celo investment... #celo keeps dropping ðŸ˜¬,2024-12-09 00:44:52,5369,627,Celo,celo,negative
148541,ApeCoin is making headlines for all the wrong reasons. #ape #CryptoDownturn,2024-10-03 10:30:34,2629,339,ApeCoin,ape,negative
583248,Why is everyone still buying Aave? #aave seems overvalued IMO,2025-01-16 12:19:36,842,155,Aave,aave,neutral
881673,Not impressed with Chiliz today. #chz is letting everyone down. #CryptoFail,2024-10-10 19:13:21,6999,1706,Chiliz,chz,negative
974400,Not impressed with Curve DAO today. #crv is letting everyone down. #CryptoFail,2025-01-09 03:13:01,455,4,Curve DAO,crv,negative
407057,Interesting developments in the Arbitrum ecosystem. #arb #CryptoNews,2024-07-02 19:28:02,9425,1131,Arbitrum,arb,neutral
501231,Just a normal day in the world of Algorand. #algo holding steady.,2024-11-23 14:10:20,7670,1185,Algorand,algo,neutral
859555,Keeping an eye on Echelon Prime trends. #prime is showing mixed signals.,2024-10-09 17:45:44,263,2,Echelon Prime,prime,neutral
248166,Just a normal day in the world of IOTA. #iota holding steady.,2024-04-15 03:41:55,810,42,IOTA,iota,neutral
709005,Market excitement is realâ€”USDC is proving its strength! #usdc #CryptoRally,2024-10-22 10:53:05,6718,1959,USDC,usdc,positive
353176,Basic Attention is making headlines for all the wrong reasons. #bat #CryptoDownturn,2025-01-15 11:29:31,6609,1879,Basic Attention,bat,negative
500573,Just invested in #bnb! BNB Chain to the moon! ðŸš€ #Crypto #Bullish,2025-02-24 15:57:22,2014,339,BNB Chain,bnb,positive
810028,Polkadot is absolutely crashing right now... ðŸ˜± #dot #CryptoCrash,2024-08-08 11:11:28,3055,722,Polkadot,dot,negative
297562,Not impressed with UNUS SED LEO today. #leo is letting everyone down. #CryptoFail,2024-04-14 20:47:48,6320,1186,UNUS SED LEO,leo,negative
299102,Investors are panicking over Celo. #celo might be crashing soon.,2025-02-12 08:02:33,8971,1922,Celo,celo,negative
809352,"Today, ApeCoin is a disaster. #ape is tumbling with no end in sight.",2024-04-26 02:46:07,9508,1976,ApeCoin,ape,negative
346551,VeChain is absolutely crashing right now... ðŸ˜± #vet #CryptoCrash,2024-05-05 20:18:14,2918,736,VeChain,vet,negative
896156,"Today, Polkadot is a disaster. #dot is tumbling with no end in sight.",2024-04-16 11:03:12,8637,1714,Polkadot,dot,negative
530986,Investors are panicking over ZkSync. #zk might be crashing soon.,2024-05-17 16:35:46,3955,1175,ZkSync,zk,negative
195419,Riding the wave with Tezos! #xtz is making headlines! #CryptoBoom,2024-08-05 02:01:07,2211,294,Tezos,xtz,positive
526363,Can't believe the gains on Avalanche today! #avax is unstoppable!,2024-05-27 12:31:29,6899,441,Avalanche,avax,positive
466690,Why is everyone still buying IOTA? #iota seems overvalued IMO,2024-07-03 22:17:08,3085,607,IOTA,iota,neutral
967112,Disappointing day for Shiba Inu. #shib is a no-go right now.,2024-09-01 13:31:39,8989,301,Shiba Inu,shib,negative
708835,Technical analysis shows #leo is about to break out! #CryptoTA,2024-06-23 14:52:06,255,20,UNUS SED LEO,leo,positive
707192,Technical analysis shows #sol is about to break out! #CryptoTA,2024-12-31 12:42:21,5928,955,Solana,sol,positive
339514,Technical analysis shows #axs is about to break out! #CryptoTA,2024-12-16 15:26:11,8525,1551,Axie Infinity,axs,positive
605104,Just invested in #ondo! Ondo to the moon! ðŸš€ #Crypto #Bullish,2024-06-28 04:25:44,6100,36,Ondo,ondo,positive
123929,Not impressed with IOTA today. #iota is letting everyone down. #CryptoFail,2024-08-29 09:53:46,7326,1548,IOTA,iota,negative
486433,Regulatory concerns and poor performance for Optimism. #op might be doomed.,2024-03-19 14:39:55,8000,699,Optimism,op,negative
119471,Basic Attention is absolutely crashing right now... ðŸ˜± #bat #CryptoCrash,2025-01-07 15:49:26,8652,990,Basic Attention,bat,negative
599985,Stellar is making headlines for all the wrong reasons. #xlm #CryptoDownturn,2024-09-11 20:23:28,4850,1096,Stellar,xlm,negative
621371,Market excitement is realâ€”DAI is proving its strength! #dai #CryptoRally,2024-08-20 07:33:30,4604,561,DAI,dai,positive
531511,Scared about my Injective investment... #inj keeps dropping ðŸ˜¬,2024-03-06 16:53:30,2727,709,Injective,inj,negative
880985,Keeping an eye on Bitcoin trends. #btc is showing mixed signals.,2024-05-25 14:32:47,6360,1143,Bitcoin,btc,neutral
158128,Feeling great about Near Protocol - itâ€™s the best investment ever! #near #CryptoJoy,2024-05-03 12:20:26,4388,831,Near Protocol,near,positive
580789,Can't believe the gains on Stellar today! #xlm is unstoppable!,2024-12-02 05:53:54,8867,1780,Stellar,xlm,positive
710204,Riding the wave with Arbitrum! #arb is making headlines! #CryptoBoom,2025-01-18 22:36:22,2742,150,Arbitrum,arb,positive
420802,Can't believe the gains on TON today! #ton is unstoppable!,2024-09-02 00:08:19,8464,1313,TON,ton,positive
660617,Regulatory concerns and poor performance for Uniswap. #uni might be doomed.,2025-01-09 06:28:17,3817,805,Uniswap,uni,negative
216957,Market's quiet on Basic Attention for now. #bat is stable.,2024-06-06 06:45:04,6624,1983,Basic Attention,bat,neutral
595577,Wrapped Bitcoin is absolutely crashing right now... ðŸ˜± #wbtc #CryptoCrash,2024-10-10 18:37:39,7547,999,Wrapped Bitcoin,wbtc,negative
735126,New Curve DAO wallet update looks promising. #crv #CryptoUpdate,2025-02-02 07:24:10,5881,1333,Curve DAO,crv,neutral
771078,Regulatory concerns and poor performance for Polygon. #pol might be doomed.,2024-07-28 06:30:49,5983,1263,Polygon,pol,negative
825186,Shiba Inu is making headlines for all the wrong reasons. #shib #CryptoDownturn,2024-06-05 11:25:51,1168,263,Shiba Inu,shib,negative
649303,Why is everyone still buying Echelon Prime? #prime seems overvalued IMO,2024-10-23 12:01:40,101,3,Echelon Prime,prime,neutral
348737,Just a normal day in the world of ApeCoin. #ape holding steady.,2025-02-08 06:40:49,3696,247,ApeCoin,ape,neutral
186764,Market excitement is realâ€”Aave is proving its strength! #aave #CryptoRally,2024-09-14 22:32:04,961,163,Aave,aave,positive
425149,The Sandbox is on fire today! Everyone's talking about #sand! #CryptoWin,2024-03-27 22:51:45,6628,1586,The Sandbox,sand,positive
388694,Investors are panicking over Bitcoin Cash. #bch might be crashing soon.,2024-06-19 18:26:20,9582,1743,Bitcoin Cash,bch,negative
840465,Feeling great about Solana - itâ€™s the best investment ever! #sol #CryptoJoy,2024-05-25 03:05:42,833,2,Solana,sol,positive
687662,Market excitement is realâ€”IOTA is proving its strength! #iota2 #CryptoRally,2025-01-11 22:45:04,6627,1790,IOTA,iota2,positive
747561,Why is everyone still buying Aave? #aave seems overvalued IMO,2025-01-14 18:47:17,1515,273,Aave,aave,neutral
235929,"Today, DAI is a disaster. #dai is tumbling with no end in sight.",2024-03-03 11:51:42,594,32,DAI,dai,negative
604668,Feeling great about VeChain - itâ€™s the best investment ever! #vet #CryptoJoy,2024-05-24 03:10:26,1614,236,VeChain,vet,positive
924455,"USDC is making moves, but nothing groundbreaking. #usdc #CryptoWatch",2024-05-10 02:21:08,6972,897,USDC,usdc,neutral
493257,Falling hard! UNUS SED LEO is in freefall. #leo shows warning signs everywhere!,2024-06-27 09:36:31,9034,1137,UNUS SED LEO,leo,negative
314700,IOTA is on fire today! Everyone's talking about #iota! #CryptoWin,2024-12-17 23:39:18,315,75,IOTA,iota,positive
482689,Riding the wave with UNUS SED LEO! #leo is making headlines! #CryptoBoom,2024-09-04 11:31:13,1007,9,UNUS SED LEO,leo,positive
185659,Riding the wave with Avalanche! #avax is making headlines! #CryptoBoom,2024-03-18 15:12:22,5262,1128,Avalanche,avax,positive
415928,Scared about my Echelon Prime investment... #prime keeps dropping ðŸ˜¬,2024-05-05 05:36:18,6017,17,Echelon Prime,prime,negative
834077,Massive partnership announcement coming for #apt! Aptos is soaring! ðŸš€ðŸŒ•,2025-02-20 04:33:02,9404,193,Aptos,apt,positive
650550,Cardano is on fire today! Everyone's talking about #ada! #CryptoWin,2024-03-29 01:14:10,9843,1438,Cardano,ada,positive
493873,Technical analysis shows #ton is about to break out! #CryptoTA,2024-10-05 19:27:34,9349,1877,TON,ton,positive
164620,Can't believe the gains on BNB Chain today! #bnb is unstoppable!,2024-04-17 10:50:34,2267,609,BNB Chain,bnb,positive
923642,Optimism is on fire today! Everyone's talking about #op! #CryptoWin,2024-05-02 21:55:59,1993,363,Optimism,op,positive
952341,Market excitement is realâ€”Avalanche is proving its strength! #avax #CryptoRally,2024-06-06 19:18:25,365,44,Avalanche,avax,positive
997646,My portfolio just got a major boost with Dash! #dash for the win!,2024-04-27 05:09:16,6913,1706,Dash,dash,positive
109867,Scared about my Litecoin investment... #ltc keeps dropping ðŸ˜¬,2024-03-13 00:16:37,9026,1413,Litecoin,ltc,negative
702907,Today is a great day for Ondo! Bullish vibes all around! #ondo #CryptoHappy,2024-07-21 03:55:05,1794,460,Ondo,ondo,positive
368851,"Celo is making moves, but nothing groundbreaking. #celo #CryptoWatch",2024-03-28 17:18:52,3615,174,Celo,celo,neutral
598608,Investors are panicking over Shiba Inu. #shib might be crashing soon.,2024-10-24 01:15:56,8561,2284,Shiba Inu,shib,negative
511420,Disappointing day for Aave. #aave is a no-go right now.,2025-02-21 00:01:59,2127,569,Aave,aave,negative
346556,Falling hard! Axie Infinity is in freefall. #axs shows warning signs everywhere!,2024-05-10 04:33:44,7900,1459,Axie Infinity,axs,negative
571042,Today is a great day for Sui! Bullish vibes all around! #sui #CryptoHappy,2025-01-21 13:15:26,1269,226,Sui,sui,positive
288607,Falling hard! Optimism is in freefall. #op shows warning signs everywhere!,2024-05-05 22:34:57,2434,232,Optimism,op,negative
339223,Disappointing day for Uniswap. #uni is a no-go right now.,2025-01-04 22:09:35,9702,2407,Uniswap,uni,negative
481213,Market excitement is realâ€”Injective is proving its strength! #inj #CryptoRally,2024-07-20 09:40:36,1523,292,Injective,inj,positive
710535,Just invested in #ape! ApeCoin to the moon! ðŸš€ #Crypto #Bullish,2024-05-31 14:36:50,807,123,ApeCoin,ape,positive
479155,Regulatory concerns and poor performance for Chiliz. #chz might be doomed.,2024-05-02 09:01:58,720,14,Chiliz,chz,negative
640913,Not impressed with Polkadot today. #dot is letting everyone down. #CryptoFail,2024-03-11 18:38:42,5911,854,Polkadot,dot,negative
924919,Market's quiet on Near Protocol for now. #near is stable.,2025-02-06 11:59:22,3165,190,Near Protocol,near,neutral
465787,Investors are panicking over Echelon Prime. #prime might be crashing soon.,2024-06-13 23:34:23,8731,114,Echelon Prime,prime,negative
522257,"Today, USDC is a disaster. #usdc is tumbling with no end in sight.",2025-01-05 20:19:57,4812,1401,USDC,usdc,negative
232126,Disappointing day for TON. #ton is a no-go right now.,2025-02-10 23:08:06,5683,105,TON,ton,negative
238220,Keeping an eye on IOTA trends. #iota is showing mixed signals.,2024-04-14 21:36:13,5917,926,IOTA,iota,neutral
836601,"Today, Arbitrum is a disaster. #arb is tumbling with no end in sight.",2024-11-12 15:53:59,9883,2153,Arbitrum,arb,negative
222193,Technical analysis shows #bsv is about to break out! #CryptoTA,2024-09-19 01:52:13,8858,580,Bitcoin SV,bsv,positive
369727,Just a normal day in the world of Sui. #sui holding steady.,2024-06-03 02:46:15,9833,2619,Sui,sui,neutral
500839,USDC is absolutely crashing right now... ðŸ˜± #usdc #CryptoCrash,2024-12-01 15:18:09,8546,830,USDC,usdc,negative
774304,Technical analysis shows #dai is about to break out! #CryptoTA,2024-05-15 00:05:56,7008,1895,DAI,dai,positive
115484,Market excitement is realâ€”Chiliz is proving its strength! #chz #CryptoRally,2025-01-07 04:08:48,7089,870,Chiliz,chz,positive
415723,New Bitcoin Cash wallet update looks promising. #bch #CryptoUpdate,2024-09-28 19:33:36,1471,331,Bitcoin Cash,bch,neutral
824457,Observing XRPL as usual. Nothing too crazy with #xrp today.,2024-05-20 17:02:19,1079,297,XRPL,xrp,neutral
463572,Echelon Prime is making headlines for all the wrong reasons. #prime #CryptoDownturn,2025-02-03 09:03:32,5217,1120,Echelon Prime,prime,negative
426325,Market's quiet on VeChain for now. #vet is stable.,2025-01-10 20:29:29,2018,260,VeChain,vet,neutral
586493,Scared about my Filecoin investment... #fil keeps dropping ðŸ˜¬,2024-12-16 15:45:13,7726,1746,Filecoin,fil,negative
399799,"Everywhere you look, ApeCoin seems to be failing. #ape is not looking good.",2024-11-27 12:12:15,6353,172,ApeCoin,ape,negative
849619,Regulatory concerns and poor performance for Echelon Prime. #prime might be doomed.,2024-09-01 13:09:24,9867,1210,Echelon Prime,prime,negative
164016,Interesting developments in the BNB Chain ecosystem. #bnb #CryptoNews,2024-03-03 23:13:38,7341,524,BNB Chain,bnb,neutral
146919,Not impressed with Aptos today. #apt is letting everyone down. #CryptoFail,2024-07-14 07:26:29,3634,921,Aptos,apt,negative
202502,Technical analysis shows #avax is about to break out! #CryptoTA,2024-05-03 23:16:20,2215,158,Avalanche,avax,positive
845582,Scared about my Celo investment... #celo keeps dropping ðŸ˜¬,2024-08-13 22:40:09,2375,87,Celo,celo,negative
911492,Not impressed with Polkadot today. #dot is letting everyone down. #CryptoFail,2024-05-15 13:34:18,5284,1202,Polkadot,dot,negative
605637,Why is everyone still buying Siacoin? #sc seems overvalued IMO,2024-09-02 16:09:47,918,133,Siacoin,sc,neutral
506011,Can't believe the gains on Bitcoin today! #btc is unstoppable!,2024-06-25 16:33:03,1147,106,Bitcoin,btc,positive
453248,Can't believe the gains on Casper today! #cspr is unstoppable!,2025-02-04 18:55:05,859,6,Casper,cspr,positive
151576,New TRON wallet update looks promising. #trx #CryptoUpdate,2024-04-23 02:31:02,6399,872,TRON,trx,neutral
298802,Not impressed with Litecoin today. #ltc is letting everyone down. #CryptoFail,2024-03-27 22:55:00,5349,263,Litecoin,ltc,negative
224260,My portfolio just got a major boost with The Graph! #grt for the win!,2024-11-15 21:50:24,8940,751,The Graph,grt,positive
848762,Ondo is on fire today! Everyone's talking about #ondo! #CryptoWin,2024-06-16 15:00:49,6568,1519,Ondo,ondo,positive
721050,"Today, The Sandbox is a disaster. #sand is tumbling with no end in sight.",2024-07-23 17:57:11,2140,301,The Sandbox,sand,negative
521745,Not impressed with Aptos today. #apt is letting everyone down. #CryptoFail,2024-12-09 15:21:26,9819,1243,Aptos,apt,negative
662566,Can't believe the gains on IOTA today! #iota is unstoppable!,2024-03-24 17:34:46,8654,2510,IOTA,iota,positive
795031,New Aave wallet update looks promising. #aave #CryptoUpdate,2024-04-04 10:57:40,1230,300,Aave,aave,neutral
390243,"Quant is making moves, but nothing groundbreaking. #qnt #CryptoWatch",2024-07-25 06:26:34,1140,280,Quant,qnt,neutral
287858,Not impressed with BNB Chain today. #bnb is letting everyone down. #CryptoFail,2024-03-15 16:52:01,6377,288,BNB Chain,bnb,negative
899333,Regulatory concerns and poor performance for Near Protocol. #near might be doomed.,2024-04-12 10:31:05,201,3,Near Protocol,near,negative
626937,Keeping an eye on Wrapped Bitcoin trends. #wbtc is showing mixed signals.,2025-02-22 22:08:45,1109,202,Wrapped Bitcoin,wbtc,neutral
429287,Disappointing day for Chainlink. #link is a no-go right now.,2024-04-04 09:27:36,8355,1805,Chainlink,link,negative
402288,Just invested in #near! Near Protocol to the moon! ðŸš€ #Crypto #Bullish,2024-07-21 13:40:07,9685,138,Near Protocol,near,positive
726488,Market's quiet on Optimism for now. #op is stable.,2024-06-22 19:19:20,5121,366,Optimism,op,neutral
418234,Today is a great day for Arbitrum! Bullish vibes all around! #arb #CryptoHappy,2024-08-03 23:19:05,4313,855,Arbitrum,arb,positive
413224,Just invested in #usdc! USDC to the moon! ðŸš€ #Crypto #Bullish,2024-11-03 04:39:08,7297,675,USDC,usdc,positive
288470,Investors are panicking over TRON. #trx might be crashing soon.,2024-09-29 00:28:09,9211,2381,TRON,trx,negative
889829,Just invested in #atom! Cosmos to the moon! ðŸš€ #Crypto #Bullish,2024-10-05 03:31:49,8244,2331,Cosmos,atom,positive
755761,Can't believe the gains on Solana today! #sol is unstoppable!,2024-09-03 11:46:25,2244,242,Solana,sol,positive
510606,Disappointing day for Celo. #celo is a no-go right now.,2024-03-20 20:22:11,6505,1898,Celo,celo,negative
862802,Why is everyone still buying Dogecoin? #doge seems overvalued IMO,2024-09-10 21:26:01,8465,1075,Dogecoin,doge,neutral
407275,Just invested in #sc! Siacoin to the moon! ðŸš€ #Crypto #Bullish,2025-02-28 11:15:28,639,180,Siacoin,sc,positive
378195,"Axie Infinity is making moves, but nothing groundbreaking. #axs #CryptoWatch",2024-05-16 04:44:05,8019,1611,Axie Infinity,axs,neutral
972711,"Today, VeChain is a disaster. #vet is tumbling with no end in sight.",2024-04-03 13:22:40,4990,1101,VeChain,vet,negative
506732,Just a normal day in the world of Cardano. #ada holding steady.,2025-01-04 07:56:20,68,1,Cardano,ada,neutral
361309,Feeling great about Bitcoin - itâ€™s the best investment ever! #btc #CryptoJoy,2024-04-28 16:03:01,6725,1809,Bitcoin,btc,positive
140876,ApeCoin is on fire today! Everyone's talking about #ape! #CryptoWin,2024-03-16 16:01:02,380,8,ApeCoin,ape,positive
339046,Just invested in #link! Chainlink to the moon! ðŸš€ #Crypto #Bullish,2024-10-17 02:35:55,959,36,Chainlink,link,positive
429938,Investors are panicking over IOTA. #iota might be crashing soon.,2024-05-11 09:18:30,6260,286,IOTA,iota,negative
619631,Regulatory concerns and poor performance for Curve DAO. #crv might be doomed.,2024-05-25 07:55:50,6009,388,Curve DAO,crv,negative
558346,"Today, Chiliz is a disaster. #chz is tumbling with no end in sight.",2025-01-02 16:04:55,7205,116,Chiliz,chz,negative
802261,"Everywhere you look, Litecoin seems to be failing. #ltc is not looking good.",2024-10-09 11:02:22,5437,756,Litecoin,ltc,negative
840130,"Today, IOTA is a disaster. #iota is tumbling with no end in sight.",2024-11-06 12:08:03,7751,1640,IOTA,iota,negative
857625,Can't believe the gains on Optimism today! #op is unstoppable!,2024-06-30 06:02:25,348,90,Optimism,op,positive
116733,Investors are panicking over Bitcoin. #btc might be crashing soon.,2024-10-28 02:22:07,1947,413,Bitcoin,btc,negative
521841,Feeling great about Polygon - itâ€™s the best investment ever! #pol #CryptoJoy,2024-07-16 21:00:45,600,151,Polygon,pol,positive
838510,My portfolio just got a major boost with Near Protocol! #near for the win!,2025-01-07 02:57:30,6414,310,Near Protocol,near,positive
128199,Just invested in #axs! Axie Infinity to the moon! ðŸš€ #Crypto #Bullish,2024-12-06 02:15:47,6634,908,Axie Infinity,axs,positive
480802,Injective is making headlines for all the wrong reasons. #inj #CryptoDownturn,2024-04-04 00:45:58,4762,111,Injective,inj,negative
211476,Massive partnership announcement coming for #dai! DAI is soaring! ðŸš€ðŸŒ•,2024-08-03 07:17:56,4295,636,DAI,dai,positive
623280,Bitcoin SV is on fire today! Everyone's talking about #bsv! #CryptoWin,2024-03-06 11:33:06,6004,488,Bitcoin SV,bsv,positive
978518,Today is a great day for Polygon! Bullish vibes all around! #pol #CryptoHappy,2024-08-24 07:48:13,5880,99,Polygon,pol,positive
531876,Market excitement is realâ€”Stellar is proving its strength! #xlm #CryptoRally,2024-08-27 10:10:37,1335,183,Stellar,xlm,positive
138244,My portfolio just got a major boost with Arbitrum! #arb for the win!,2024-12-10 07:01:52,9028,499,Arbitrum,arb,positive
676625,Technical analysis shows #sol is about to break out! #CryptoTA,2024-03-16 05:20:32,7039,1826,Solana,sol,positive
473763,Casper is absolutely crashing right now... ðŸ˜± #cspr #CryptoCrash,2024-08-14 13:21:26,6966,1090,Casper,cspr,negative
141516,Interesting developments in the Aave ecosystem. #aave #CryptoNews,2024-07-10 04:31:54,526,28,Aave,aave,neutral
679905,My portfolio just got a major boost with Avalanche! #avax for the win!,2024-11-15 04:21:19,4639,895,Avalanche,avax,positive
139863,"XRPL is making moves, but nothing groundbreaking. #xrp #CryptoWatch",2025-02-15 10:03:00,6582,214,XRPL,xrp,neutral
154992,My portfolio just got a major boost with Quant! #qnt for the win!,2024-10-24 00:37:45,3133,366,Quant,qnt,positive
193502,UNUS SED LEO is absolutely crashing right now... ðŸ˜± #leo #CryptoCrash,2024-07-25 09:38:27,3475,467,UNUS SED LEO,leo,negative
460018,Interesting developments in the Casper ecosystem. #cspr #CryptoNews,2024-12-28 13:08:10,7237,747,Casper,cspr,neutral
234713,Keeping an eye on Echelon Prime trends. #prime is showing mixed signals.,2024-05-05 11:28:59,1815,280,Echelon Prime,prime,neutral
667784,Investors are panicking over Litecoin. #ltc might be crashing soon.,2024-04-11 16:00:16,7360,1977,Litecoin,ltc,negative
340825,"IOTA is making moves, but nothing groundbreaking. #iota2 #CryptoWatch",2024-10-06 06:16:31,160,25,IOTA,iota2,neutral
230814,Regulatory concerns and poor performance for Quant. #qnt might be doomed.,2024-07-12 08:15:59,3238,941,Quant,qnt,negative
156298,Scared about my Siacoin investment... #sc keeps dropping ðŸ˜¬,2024-11-24 10:40:17,3132,333,Siacoin,sc,negative
953707,Can't believe the gains on Injective today! #inj is unstoppable!,2024-09-25 23:22:13,6539,1864,Injective,inj,positive
222995,Today is a great day for Tezos! Bullish vibes all around! #xtz #CryptoHappy,2025-01-16 07:35:54,954,81,Tezos,xtz,positive
107481,Not impressed with Shiba Inu today. #shib is letting everyone down. #CryptoFail,2024-04-09 17:11:28,7464,2215,Shiba Inu,shib,negative
123905,Riding the wave with Quant! #qnt is making headlines! #CryptoBoom,2024-04-21 20:58:10,8481,2331,Quant,qnt,positive
385168,Regulatory concerns and poor performance for Litecoin. #ltc might be doomed.,2025-02-24 13:46:33,8854,2034,Litecoin,ltc,negative
732530,Massive partnership announcement coming for #mana! Decentraland is soaring! ðŸš€ðŸŒ•,2025-02-10 22:26:07,983,103,Decentraland,mana,positive
170876,Feeling great about Echelon Prime - itâ€™s the best investment ever! #prime #CryptoJoy,2024-10-14 21:24:43,5246,826,Echelon Prime,prime,positive
729839,Can't believe the gains on VeChain today! #vet is unstoppable!,2024-03-18 13:12:46,2925,334,VeChain,vet,positive
332825,IOTA is absolutely crashing right now... ðŸ˜± #iota2 #CryptoCrash,2024-09-09 11:47:27,7121,473,IOTA,iota2,negative
771606,Regulatory concerns and poor performance for Polkadot. #dot might be doomed.,2024-05-15 00:52:56,4429,1311,Polkadot,dot,negative
931978,Just a normal day in the world of Aptos. #apt holding steady.,2024-06-30 18:40:34,7283,2018,Aptos,apt,neutral
136431,Not impressed with Uniswap today. #uni is letting everyone down. #CryptoFail,2024-12-15 09:54:56,5606,1240,Uniswap,uni,negative
495900,My portfolio just got a major boost with USDC! #usdc for the win!,2024-08-16 08:17:19,4596,1206,USDC,usdc,positive
911822,My portfolio just got a major boost with Wrapped Bitcoin! #wbtc for the win!,2024-04-05 00:18:28,6651,967,Wrapped Bitcoin,wbtc,positive
321859,Investors are panicking over ZkSync. #zk might be crashing soon.,2024-06-19 23:02:32,278,80,ZkSync,zk,negative
731993,Optimism is on fire today! Everyone's talking about #op! #CryptoWin,2024-08-15 21:57:43,1568,230,Optimism,op,positive
855578,Uniswap is on fire today! Everyone's talking about #uni! #CryptoWin,2024-07-04 02:20:35,4322,545,Uniswap,uni,positive
863246,Chiliz is absolutely crashing right now... ðŸ˜± #chz #CryptoCrash,2024-04-21 11:39:40,3412,814,Chiliz,chz,negative
803728,Stellar is making headlines for all the wrong reasons. #xlm #CryptoDownturn,2025-01-15 03:30:02,2339,226,Stellar,xlm,negative
639339,Investors are panicking over DAI. #dai might be crashing soon.,2024-10-08 15:40:39,2605,676,DAI,dai,negative
423797,Regulatory concerns and poor performance for Litecoin. #ltc might be doomed.,2024-08-24 05:45:57,7499,462,Litecoin,ltc,negative
414080,Interesting developments in the XRPL ecosystem. #xrp #CryptoNews,2024-04-12 21:03:22,8741,520,XRPL,xrp,neutral
181191,Riding the wave with Cardano! #ada is making headlines! #CryptoBoom,2025-01-07 15:42:41,2040,88,Cardano,ada,positive
638066,Just invested in #bnb! BNB Chain to the moon! ðŸš€ #Crypto #Bullish,2024-04-14 01:07:02,3451,900,BNB Chain,bnb,positive
195133,Why is everyone still buying The Graph? #grt seems overvalued IMO,2024-11-19 18:58:09,3041,341,The Graph,grt,neutral
744236,"Everywhere you look, Binance USD seems to be failing. #busd is not looking good.",2024-05-11 07:40:22,6122,435,Binance USD,busd,negative
303784,The Sandbox is on fire today! Everyone's talking about #sand! #CryptoWin,2024-11-22 10:31:55,172,7,The Sandbox,sand,positive
960491,"Today, Uniswap is a disaster. #uni is tumbling with no end in sight.",2024-08-12 14:56:29,5229,20,Uniswap,uni,negative
170844,Bitcoin Cash is absolutely crashing right now... ðŸ˜± #bch #CryptoCrash,2024-11-13 05:40:01,9899,790,Bitcoin Cash,bch,negative
584519,Falling hard! Bitcoin Cash is in freefall. #bch shows warning signs everywhere!,2025-01-31 02:56:12,1902,112,Bitcoin Cash,bch,negative
989264,Interesting developments in the VeChain ecosystem. #vet #CryptoNews,2024-10-11 08:42:43,3604,821,VeChain,vet,neutral
935687,Feeling great about Solana - itâ€™s the best investment ever! #sol #CryptoJoy,2024-11-05 01:29:37,4825,579,Solana,sol,positive
875502,Observing Dash as usual. Nothing too crazy with #dash today.,2024-10-05 16:06:58,7213,1824,Dash,dash,neutral
108645,New ZkSync wallet update looks promising. #zk #CryptoUpdate,2024-07-30 13:19:08,6776,1107,ZkSync,zk,neutral
350182,"Today, Injective is a disaster. #inj is tumbling with no end in sight.",2024-08-10 07:31:36,4381,469,Injective,inj,negative
310372,Just a normal day in the world of DAI. #dai holding steady.,2024-12-03 21:53:34,2011,260,DAI,dai,neutral
411509,Today is a great day for Axie Infinity! Bullish vibes all around! #axs #CryptoHappy,2024-06-06 01:07:26,446,1,Axie Infinity,axs,positive
484508,Observing The Graph as usual. Nothing too crazy with #grt today.,2024-06-16 10:45:12,9104,2708,The Graph,grt,neutral
791335,VeChain is making headlines for all the wrong reasons. #vet #CryptoDownturn,2024-12-05 08:51:40,8176,1510,VeChain,vet,negative
771364,Regulatory concerns and poor performance for The Graph. #grt might be doomed.,2024-04-29 20:39:51,8716,2124,The Graph,grt,negative
379828,Regulatory concerns and poor performance for UNUS SED LEO. #leo might be doomed.,2024-04-09 16:18:53,1215,171,UNUS SED LEO,leo,negative
724621,Can't believe the gains on Solana today! #sol is unstoppable!,2024-11-23 19:52:29,7773,1121,Solana,sol,positive
409486,My portfolio just got a major boost with Siacoin! #sc for the win!,2024-05-17 15:14:42,3886,41,Siacoin,sc,positive
826406,Riding the wave with The Graph! #grt is making headlines! #CryptoBoom,2024-09-09 07:42:14,1056,101,The Graph,grt,positive
611959,Injective is absolutely crashing right now... ðŸ˜± #inj #CryptoCrash,2024-11-09 03:40:49,9321,2667,Injective,inj,negative
756613,Today is a great day for Arbitrum! Bullish vibes all around! #arb #CryptoHappy,2025-01-28 15:23:09,4625,418,Arbitrum,arb,positive
210258,Regulatory concerns and poor performance for TRON. #trx might be doomed.,2024-10-07 06:34:04,6638,417,TRON,trx,negative
673408,Just a normal day in the world of IOTA. #iota2 holding steady.,2025-02-25 10:16:30,7159,23,IOTA,iota2,neutral
914596,Investors are panicking over TRON. #trx might be crashing soon.,2024-12-28 14:05:20,8606,1950,TRON,trx,negative
674902,Regulatory concerns and poor performance for Algorand. #algo might be doomed.,2024-06-02 06:06:00,4136,1090,Algorand,algo,negative
728570,My portfolio just got a major boost with Chainlink! #link for the win!,2024-11-08 22:04:34,5007,559,Chainlink,link,positive
796167,Market excitement is realâ€”Chiliz is proving its strength! #chz #CryptoRally,2024-04-29 02:37:46,845,187,Chiliz,chz,positive
815333,Not impressed with ZkSync today. #zk is letting everyone down. #CryptoFail,2024-07-15 01:38:41,2342,468,ZkSync,zk,negative
497583,Feeling great about Ondo - itâ€™s the best investment ever! #ondo #CryptoJoy,2024-10-18 09:58:53,1291,177,Ondo,ondo,positive
161968,Today is a great day for Solana! Bullish vibes all around! #sol #CryptoHappy,2024-12-18 18:04:57,2698,263,Solana,sol,positive
729106,Feeling great about Casper - itâ€™s the best investment ever! #cspr #CryptoJoy,2024-04-19 08:06:07,8341,1434,Casper,cspr,positive
178114,DAI is on fire today! Everyone's talking about #dai! #CryptoWin,2024-07-25 22:01:18,1615,27,DAI,dai,positive
403879,XRPL is on fire today! Everyone's talking about #xrp! #CryptoWin,2024-03-15 00:14:39,9204,1706,XRPL,xrp,positive
139585,Not impressed with Casper today. #cspr is letting everyone down. #CryptoFail,2025-01-18 06:48:13,6420,732,Casper,cspr,negative
775908,Scared about my Polkadot investment... #dot keeps dropping ðŸ˜¬,2024-06-11 05:00:47,1688,181,Polkadot,dot,negative
880085,My portfolio just got a major boost with Solana! #sol for the win!,2024-07-09 21:20:29,4859,174,Solana,sol,positive
961686,New USDC wallet update looks promising. #usdc #CryptoUpdate,2024-08-18 20:45:48,225,61,USDC,usdc,neutral
153838,My portfolio just got a major boost with Bitcoin Cash! #bch for the win!,2024-12-22 06:31:08,4261,841,Bitcoin Cash,bch,positive
957565,Keeping an eye on Ethereum trends. #eth is showing mixed signals.,2024-03-22 12:27:35,525,103,Ethereum,eth,neutral
559673,Regulatory concerns and poor performance for Near Protocol. #near might be doomed.,2024-10-12 02:59:03,2816,806,Near Protocol,near,negative
122238,Keeping an eye on TON trends. #ton is showing mixed signals.,2024-07-27 03:39:02,3406,466,TON,ton,neutral
166499,Regulatory concerns and poor performance for Bitcoin. #btc might be doomed.,2025-01-05 12:36:32,1906,119,Bitcoin,btc,negative
284010,"Today, ZkSync is a disaster. #zk is tumbling with no end in sight.",2024-03-07 13:10:03,2444,598,ZkSync,zk,negative
433913,Market excitement is realâ€”Aave is proving its strength! #aave #CryptoRally,2024-11-25 15:43:50,315,86,Aave,aave,positive
436885,Sui is absolutely crashing right now... ðŸ˜± #sui #CryptoCrash,2024-09-26 18:24:09,9703,620,Sui,sui,negative
535469,Scared about my Arbitrum investment... #arb keeps dropping ðŸ˜¬,2024-09-12 00:30:22,3260,105,Arbitrum,arb,negative
467307,Observing Aave as usual. Nothing too crazy with #aave today.,2025-02-09 12:57:10,5053,568,Aave,aave,neutral
292072,"Siacoin is making moves, but nothing groundbreaking. #sc #CryptoWatch",2024-05-10 14:29:05,6896,1670,Siacoin,sc,neutral
417111,Scared about my Ethereum investment... #eth keeps dropping ðŸ˜¬,2024-06-20 18:19:09,4779,601,Ethereum,eth,negative
748517,"Sui is making moves, but nothing groundbreaking. #sui #CryptoWatch",2024-06-02 14:18:03,7671,22,Sui,sui,neutral
642373,Massive partnership announcement coming for #aave! Aave is soaring! ðŸš€ðŸŒ•,2024-05-02 11:58:58,3577,403,Aave,aave,positive
836363,Technical analysis shows #wbtc is about to break out! #CryptoTA,2024-03-28 16:00:26,1311,391,Wrapped Bitcoin,wbtc,positive
240129,Scared about my Wrapped Bitcoin investment... #wbtc keeps dropping ðŸ˜¬,2024-05-14 10:27:29,7255,265,Wrapped Bitcoin,wbtc,negative
557480,Can't believe the gains on Injective today! #inj is unstoppable!,2024-12-18 03:29:51,6394,158,Injective,inj,positive
728174,Observing Chiliz as usual. Nothing too crazy with #chz today.,2024-07-06 10:20:24,6862,1844,Chiliz,chz,neutral
454176,Market excitement is realâ€”Filecoin is proving its strength! #fil #CryptoRally,2024-04-10 12:25:07,369,38,Filecoin,fil,positive
749913,Today is a great day for The Sandbox! Bullish vibes all around! #sand #CryptoHappy,2025-01-17 14:13:35,3297,287,The Sandbox,sand,positive
404839,Today is a great day for Dash! Bullish vibes all around! #dash #CryptoHappy,2025-02-09 05:39:29,935,52,Dash,dash,positive
755324,Market excitement is realâ€”Bitcoin is proving its strength! #btc #CryptoRally,2025-02-21 07:58:11,2870,304,Bitcoin,btc,positive
976890,Falling hard! Sui is in freefall. #sui shows warning signs everywhere!,2024-05-14 12:27:03,3957,617,Sui,sui,negative
456763,Just a normal day in the world of Binance USD. #busd holding steady.,2025-02-20 09:08:57,3498,336,Binance USD,busd,neutral
536022,Today is a great day for Optimism! Bullish vibes all around! #op #CryptoHappy,2024-11-13 09:49:32,9179,2377,Optimism,op,positive
418350,Bitcoin SV is absolutely crashing right now... ðŸ˜± #bsv #CryptoCrash,2024-09-07 08:54:42,7221,62,Bitcoin SV,bsv,negative
514476,Can't believe the gains on Cardano today! #ada is unstoppable!,2024-04-15 10:14:15,723,39,Cardano,ada,positive
956955,Today is a great day for Axie Infinity! Bullish vibes all around! #axs #CryptoHappy,2024-05-30 10:19:22,841,137,Axie Infinity,axs,positive
798511,Bitcoin Cash is absolutely crashing right now... ðŸ˜± #bch #CryptoCrash,2024-10-27 06:21:34,1657,463,Bitcoin Cash,bch,negative
788505,Investors are panicking over Injective. #inj might be crashing soon.,2024-10-08 02:49:41,7556,1976,Injective,inj,negative
799511,XRPL is on fire today! Everyone's talking about #xrp! #CryptoWin,2024-12-07 00:25:14,9897,2488,XRPL,xrp,positive
729345,Near Protocol is on fire today! Everyone's talking about #near! #CryptoWin,2024-03-20 04:17:58,8322,271,Near Protocol,near,positive
336978,Technical analysis shows #crv is about to break out! #CryptoTA,2024-08-25 17:25:34,3657,359,Curve DAO,crv,positive
808798,The Graph is absolutely crashing right now... ðŸ˜± #grt #CryptoCrash,2024-04-22 16:26:54,3798,740,The Graph,grt,negative
717446,My portfolio just got a major boost with The Sandbox! #sand for the win!,2025-01-01 08:24:38,1287,318,The Sandbox,sand,positive
188360,Riding the wave with Quant! #qnt is making headlines! #CryptoBoom,2024-03-29 19:41:05,8439,1943,Quant,qnt,positive
892380,Not impressed with Dogecoin today. #doge is letting everyone down. #CryptoFail,2024-04-01 22:50:37,742,180,Dogecoin,doge,negative
829050,Today is a great day for Axie Infinity! Bullish vibes all around! #axs #CryptoHappy,2024-11-06 13:04:21,6219,3,Axie Infinity,axs,positive
549420,Today is a great day for Sui! Bullish vibes all around! #sui #CryptoHappy,2024-11-17 21:10:42,3764,838,Sui,sui,positive
971771,Technical analysis shows #sol is about to break out! #CryptoTA,2024-07-14 09:48:31,6495,1781,Solana,sol,positive
145171,"Everywhere you look, Quant seems to be failing. #qnt is not looking good.",2024-09-04 15:06:59,7131,939,Quant,qnt,negative
104188,BNB Chain is on fire today! Everyone's talking about #bnb! #CryptoWin,2024-05-02 08:51:48,793,216,BNB Chain,bnb,positive
550174,Disappointing day for Bitcoin SV. #bsv is a no-go right now.,2024-10-26 18:30:28,5509,396,Bitcoin SV,bsv,negative
105704,Massive partnership announcement coming for #cspr! Casper is soaring! ðŸš€ðŸŒ•,2024-07-19 21:29:16,2034,146,Casper,cspr,positive
464630,Scared about my Wrapped Bitcoin investment... #wbtc keeps dropping ðŸ˜¬,2024-05-24 06:19:45,9638,30,Wrapped Bitcoin,wbtc,negative
488370,Falling hard! Near Protocol is in freefall. #near shows warning signs everywhere!,2024-04-15 16:41:47,3676,423,Near Protocol,near,negative
435622,"Everywhere you look, Optimism seems to be failing. #op is not looking good.",2024-12-04 23:28:30,6398,1642,Optimism,op,negative
358427,Massive partnership announcement coming for #ada! Cardano is soaring! ðŸš€ðŸŒ•,2024-05-09 12:28:14,9053,567,Cardano,ada,positive
600273,Market excitement is realâ€”VeChain is proving its strength! #vet #CryptoRally,2024-03-16 05:49:57,222,64,VeChain,vet,positive
